{"client_meta":{"background_color":{"r":0.9607843160629272,"g":0.9607843160629272,"b":0.9607843160629272,"a":1},"thumbnail_size":{"width":400,"height":284},"render_coordinates":{"x":-726,"y":-513,"width":1440,"height":1024}},"file_name":"C7 M4 L1 ITEM 9 TEXT HIERACHY AND GRID"}